community_name,current_tier,daily_valid_posts,freq_hours,last_crawled,is_active,total_fetched
r/achadinhosdashopeebr,tier2,0.0,6,2025-11-13 06:58,t,185
r/aliexpress,tier2,0.0,6,2025-11-28 00:08,t,1428
r/aliexpressbr,tier2,0.0,6,2025-11-28 05:32,t,1291
r/aliexpressreviews,tier2,0.0,6,2025-11-13 06:12,t,209
r/amazon,tier2,0.0,6,2025-11-28 13:59,t,1267
r/amazon_influencer,tier2,0.0,6,2025-11-28 06:00,t,1266
r/amazonanswers,tier2,0.0,6,2025-11-25 10:59,t,1005
r/amazonargentina,tier2,0.0,6,2025-11-13 07:18,t,679
r/amazondspdrivers,tier2,0.0,6,2025-11-28 10:35,t,1140
r/amazonecho,tier2,0.0,6,2025-11-28 00:08,t,1294
r/amazonemployees,tier2,0.0,6,2025-11-28 06:16,t,1234
r/amazonfba,tier2,0.0,6,2025-11-28 06:16,t,1271
r/amazonfbafornewbies,tier2,0.0,6,2025-11-13 07:28,t,187
r/amazonfbaonlineretail,tier2,0.0,6,2025-11-28 06:16,t,1240
r/amazonfbatips,tier2,0.0,6,2025-11-28 00:09,t,1174
r/amazonfc,tier2,0.0,6,2025-11-28 10:34,t,1076
r/amazonflex,tier2,0.0,6,2025-11-13 08:45,t,260
r/amazonflexdrivers,tier2,0.0,6,2025-11-27 08:38,t,1387
r/amazonfresh,tier2,0.0,6,2025-11-27 08:38,t,1101
r/amazonkdp,tier2,0.0,6,2025-11-13 09:14,t,143
r/amazonmerch,tier2,0.0,6,2025-11-25 11:07,t,1237
r/amazonprime,tier2,0.0,6,2025-11-25 14:09,t,1281
r/amazonprimedeals,tier2,0.0,6,2025-11-13 06:13,t,657
r/amazonreviews,tier2,0.0,6,2025-11-28 05:32,t,1011
r/amazonseller,tier2,0.0,6,2025-11-25 11:10,t,1266
r/amazonsellercentral,tier2,0.0,6,2025-11-13 03:07,t,628
r/amazonsellers,tier2,0.0,6,2025-11-13 03:27,t,710
r/amazonunder5,tier2,0.0,6,2025-11-13 10:30,t,737
r/amazonvine,tier2,0.0,6,2025-11-28 05:32,t,1104
r/amazonwarehouse,tier2,0.0,6,2025-11-13 09:13,t,449
r/amazonwfshoppers,tier2,0.0,6,2025-11-14 15:09,t,1302
r/amazonwtf,tier2,0.0,6,2025-11-28 00:08,t,1104
r/amitheasshole,tier2,0.0,6,2025-11-28 11:07,t,194
r/angelnmitaliexpress,tier2,0.0,6,2025-11-13 08:34,t,170
r/angular,tier2,0.0,6,2025-11-28 03:00,t,100
r/antiamazon,tier2,0.0,6,2025-11-13 05:43,t,1005
r/anywherebutamazon,tier2,0.0,6,2025-11-13 07:09,t,126
r/appliances,tier2,0.0,6,2025-11-28 11:05,t,167
r/artificial,tier2,0.0,6,2025-11-28 02:23,t,100
r/askmen,tier2,0.0,6,2025-11-28 11:07,t,186
r/autism_parenting,tier2,0.0,6,2025-11-28 11:08,t,159
r/aws,tier2,0.0,6,2025-11-28 02:23,t,100
r/azure,tier2,0.0,6,2025-11-28 02:23,t,100
r/babybumps,tier2,0.0,6,2025-11-28 11:07,t,178
r/backend,tier2,0.0,6,2025-11-28 02:23,t,100
r/baking,tier2,0.0,6,2025-11-28 10:35,t,111
r/barista,tier2,0.0,6,2025-11-28 11:06,t,190
r/bbq,tier2,0.0,6,2025-11-28 11:06,t,213
r/beer,tier2,0.0,6,2025-11-28 11:07,t,198
r/bestaliexpressfinds,tier2,0.0,6,2025-11-28 06:16,t,1220
r/bestbuyaliexpress,tier2,0.0,6,2025-11-13 04:21,t,332
r/beyondthebump,tier2,0.0,6,2025-11-28 11:07,t,168
r/bigdata,tier2,0.0,6,2025-11-28 02:40,t,75
r/bigseo,tier2,0.0,6,2025-11-27 08:38,t,1271
r/bikepacking,tier2,0.0,6,2025-11-28 11:07,t,194
r/blendedfamilies,tier2,0.0,6,2025-11-28 11:07,t,150
r/budgettravel,tier2,0.0,6,2025-11-28 01:22,t,2
r/bushcraft,tier2,0.0,6,2025-11-28 11:07,t,241
r/carpentry,tier2,0.0,6,2025-11-28 11:05,t,191
r/cocktails,tier2,0.0,6,2025-11-28 11:06,t,213
r/coffeegear,tier2,0.0,6,2025-11-28 00:55,t,2
r/consulting,tier2,0.0,6,2025-11-28 01:34,t,67
r/csharp,tier2,0.0,6,2025-11-28 02:40,t,100
r/daddit,tier2,0.0,6,2025-11-28 11:07,t,183
r/database,tier2,0.0,6,2025-11-28 03:00,t,74
r/dataengineering,tier2,0.0,6,2025-11-28 02:39,t,100
r/datascience,tier2,0.0,6,2025-11-28 02:39,t,83
r/decorating,tier2,0.0,6,2025-11-28 11:05,t,116
r/deeplearning,tier2,0.0,6,2025-11-28 02:23,t,100
r/devops,tier2,0.0,6,2025-11-28 02:23,t,100
r/digital_marketing,tier2,0.0,6,2025-11-28 05:32,t,1281
r/divorce,tier2,0.0,6,2025-11-28 11:07,t,172
r/django,tier2,0.0,6,2025-11-28 03:00,t,100
r/docker,tier2,0.0,6,2025-11-28 02:23,t,100
r/dotnet,tier2,0.0,6,2025-11-28 03:00,t,100
r/dropship,tier2,0.0,6,2025-11-28 00:08,t,1365
r/dropshipping,tier2,0.0,6,2025-11-28 00:09,t,1463
r/dropshipping_guide,tier2,0.0,6,2025-11-28 00:09,t,1161
r/dropshippingbiz,tier2,0.0,6,2025-11-13 09:14,t,272
r/dropshippingninja,tier2,0.0,6,2025-11-13 09:50,t,178
r/dropshippingservice,tier2,0.0,6,2025-11-13 09:23,t,112
r/dropshippingtips,tier2,0.0,6,2025-11-28 10:34,t,1145
r/ecommerce,tier2,0.0,6,2025-11-28 06:55,t,1044
r/ecommercefulfillment,tier2,0.0,6,2025-11-13 00:52,t,376
r/ecommercemarketing,tier2,0.0,6,2025-11-28 00:09,t,1153
r/ecommerceseo,tier2,0.0,6,2025-11-13 03:51,t,697
r/edc,tier2,0.0,6,2025-11-28 11:06,t,265
r/edcexchange,tier2,0.0,6,2025-11-28 11:06,t,160
r/education,tier2,0.0,6,2025-11-28 11:07,t,144
r/electricians,tier2,0.0,6,2025-11-28 11:05,t,213
r/etsy,tier2,0.0,6,2025-11-25 11:07,t,1411
r/etsyadvertise,tier2,0.0,6,2025-11-13 10:20,t,966
r/etsycirclejerk,tier2,0.0,6,2025-11-13 03:27,t,129
r/etsyhelp,tier2,0.0,6,2025-11-13 06:22,t,235
r/etsylistings,tier2,0.0,6,2025-11-13 09:49,t,243
r/etsysellers,tier2,0.0,6,2025-11-28 00:08,t,1438
r/etsystrike,tier2,0.0,6,2025-11-13 07:29,t,204
r/etsytrafficjamteam,tier2,0.0,6,2025-11-13 02:37,t,652
r/etsyuk,tier2,0.0,6,2025-11-13 09:25,t,113
r/facebookads,tier2,0.0,6,2025-11-28 06:55,t,1369
r/familyissues,tier2,0.0,6,2025-11-28 11:07,t,121
r/fascamazon,tier2,0.0,6,2025-11-28 05:32,t,1283
r/fbaonlineretail,tier2,0.0,6,2025-11-17 11:53,t,1
r/fbasourcing,tier2,0.0,6,2025-11-13 09:50,t,195
r/fermentation,tier2,0.0,6,2025-11-28 11:06,t,194
r/fixedgearbicycle,tier2,0.0,6,2025-11-28 11:07,t,255
r/fixit,tier2,0.0,6,2025-11-28 11:05,t,163
r/flashlight,tier2,0.0,6,2025-11-28 11:06,t,221
r/flask,tier2,0.0,6,2025-11-28 03:00,t,30
r/flipping,tier2,0.0,6,2025-11-25 10:59,t,1030
r/freelance,tier2,0.0,6,2025-11-28 01:34,t,22
r/frontend,tier2,0.0,6,2025-11-28 02:23,t,100
r/fuckamazon,tier2,0.0,6,2025-11-25 10:59,t,1043
r/fulfillmentbyamazon,tier2,0.0,6,2025-11-28 00:08,t,1340
r/geartrade,tier2,0.0,6,2025-11-28 11:07,t,126
r/golang,tier2,0.0,6,2025-11-28 02:40,t,100
r/googlecloud,tier2,0.0,6,2025-11-28 10:36,t,103
r/hammockcamping,tier2,0.0,6,2025-11-28 11:07,t,220
r/handyman,tier2,0.0,6,2025-11-28 11:05,t,167
r/home,tier2,0.0,6,2025-11-28 11:05,t,157
r/homebrewing,tier2,0.0,6,2025-11-28 11:06,t,174
r/homebuilding,tier2,0.0,6,2025-11-28 11:05,t,165
r/homeschool,tier2,0.0,6,2025-11-28 11:07,t,141
r/ikeahacks,tier2,0.0,6,2025-11-28 11:06,t,180
r/instacartshoppers,tier2,0.0,6,2025-11-25 10:59,t,1036
r/java,tier2,0.0,6,2025-11-28 02:40,t,100
r/javascript,tier2,0.0,6,2025-11-28 02:40,t,100
r/knifeclub,tier2,0.0,6,2025-11-28 11:06,t,229
r/knives,tier2,0.0,6,2025-11-28 11:06,t,218
r/kubernetes,tier2,0.0,6,2025-11-28 02:23,t,100
r/laravel,tier2,0.0,6,2025-11-28 03:00,t,60
r/lazadareviews,tier2,0.0,6,2025-11-13 06:21,t,169
r/lazshop_ph,tier2,0.0,6,2025-11-13 06:49,t,123
r/legomarket,tier2,0.0,6,2025-11-28 00:08,t,1284
r/lockpicking,tier2,0.0,6,2025-11-28 11:06,t,244
r/logistics,tier2,0.0,6,2025-11-28 13:59,t,1253
r/machinelearning,tier2,0.0,6,2025-11-28 02:23,t,100
r/marketing,tier2,0.0,6,2025-11-12 17:30,t,212
r/matcha,tier2,0.0,6,2025-11-28 11:06,t,86
r/merchbyamazon,tier2,0.0,6,2025-11-27 08:38,t,1078
r/mongodb,tier2,0.0,6,2025-11-28 03:00,t,69
r/mountaineering,tier2,0.0,6,2025-11-28 11:07,t,173
r/multitools,tier2,0.0,6,2025-11-28 11:06,t,227
r/mysql,tier2,0.0,6,2025-11-28 03:00,t,36
r/news_walmart,tier2,0.0,6,2025-11-13 09:03,t,1184
r/node,tier2,0.0,6,2025-11-28 03:00,t,100
r/outdoorsgear,tier2,0.0,6,2025-11-28 11:07,t,120
r/overlanding,tier2,0.0,6,2025-11-28 11:07,t,156
r/parentingteenagers,tier2,0.0,6,2025-11-28 11:07,t,159
r/pens,tier2,0.0,6,2025-11-28 11:06,t,212
r/peopleofwalmart,tier2,0.0,6,2025-11-28 10:34,t,1246
r/plumbing,tier2,0.0,6,2025-11-28 11:05,t,201
r/postgresql,tier2,0.0,6,2025-11-28 03:00,t,90
r/pourover,tier2,0.0,6,2025-11-28 11:06,t,183
r/preppers,tier2,0.0,6,2025-11-28 11:06,t,264
r/printondemand,tier2,0.0,6,2025-11-28 06:16,t,1222
r/privatelabelsellers,tier2,0.0,6,2025-11-13 12:46,t,196
r/productmanagement,tier2,0.0,6,2025-11-28 01:34,t,100
r/python,tier2,0.0,6,2025-11-28 02:40,t,100
r/rails,tier2,0.0,6,2025-11-28 03:00,t,100
r/raisedbynarcissists,tier2,0.0,6,2025-11-28 11:07,t,196
r/randomactsofetsy,tier2,0.0,6,2025-11-13 04:22,t,975
r/reactjs,tier2,0.0,6,2025-11-28 02:40,t,100
r/redis,tier2,0.0,6,2025-11-28 03:00,t,14
r/relationships,tier2,0.0,6,2025-11-28 11:07,t,163
r/remodel,tier2,0.0,6,2025-11-28 11:05,t,157
r/rust,tier2,0.0,6,2025-11-28 02:40,t,100
r/saas,tier2,0.0,6,2025-11-28 04:23,t,101
r/sales,tier2,0.0,6,2025-11-28 04:23,t,101
r/sellingonamazonfba,tier2,0.0,6,2025-11-13 09:05,t,646
r/seo,tier2,0.0,6,2025-11-14 16:30,t,200
r/seo_marketing_offers,tier2,0.0,6,2025-11-13 01:03,t,280
r/shoestringtravel,tier2,0.0,6,2025-11-28 00:55,t,21
r/shopify,tier2,0.0,6,2025-11-25 10:59,t,2136
r/shopify_users,tier2,0.0,6,2025-11-13 06:12,t,239
r/shopifyappdev,tier2,0.0,6,2025-11-28 00:08,t,1029
r/shopifydev,tier2,0.0,6,2025-11-27 08:38,t,1164
r/shopifydevelopment,tier2,0.0,6,2025-11-13 09:50,t,216
r/shopifydropship,tier2,0.0,6,2025-11-17 21:40,t,2
r/shopifyecommerce,tier2,0.0,6,2025-11-26 13:04,t,1173
r/shopifyseo,tier2,0.0,6,2025-11-13 03:16,t,896
r/shopifywebsites,tier2,0.0,6,2025-11-13 07:08,t,215
r/sideproject,tier2,0.0,6,2025-11-28 11:06,t,212
r/smallbusiness,tier2,0.0,6,2025-11-28 01:34,t,100
r/solar,tier2,0.0,6,2025-11-28 11:06,t,169
r/sousvide,tier2,0.0,6,2025-11-28 11:06,t,207
r/spellcasterreviews,tier2,0.0,6,2025-11-28 00:08,t,1182
r/startups,tier2,0.0,6,2025-11-28 01:34,t,100
r/stepparents,tier2,0.0,6,2025-11-28 11:07,t,156
r/stickerstore,tier2,0.0,6,2025-11-28 10:34,t,1237
r/suppliersinusa,tier2,0.0,6,2025-11-13 09:48,t,177
r/tacticalgear,tier2,0.0,6,2025-11-28 11:06,t,229
r/techseo,tier2,0.0,6,2025-11-28 06:16,t,1236
r/thrifting,tier2,0.0,6,2025-11-28 11:06,t,247
r/thrifty,tier2,0.0,6,2025-11-28 11:06,t,110
r/tiktok_shop_sellers,tier2,0.0,6,2025-11-13 07:28,t,209
r/tiktokshop,tier2,0.0,6,2025-11-28 06:16,t,1267
r/tiktokshopsellers,tier2,0.0,6,2025-11-14 12:30,t,123
r/tiktokshopsellersclub,tier2,0.0,6,2025-11-13 09:59,t,814
r/tinyhouses,tier2,0.0,6,2025-11-28 11:07,t,217
r/toddlers,tier2,0.0,6,2025-11-28 11:07,t,164
r/toolporn,tier2,0.0,6,2025-11-28 11:06,t,254
r/trailrunning,tier2,0.0,6,2025-11-28 11:07,t,199
r/typescript,tier2,0.0,6,2025-11-28 02:40,t,72
r/ui_design,tier2,0.0,6,2025-11-28 01:34,t,99
r/uscreditcards,tier2,0.0,6,2025-11-28 01:22,t,2
r/uxdesign,tier2,0.0,6,2025-11-28 01:34,t,100
r/vanlife,tier2,0.0,6,2025-11-28 11:07,t,203
r/vent,tier2,0.0,6,2025-11-28 11:08,t,196
r/venturecapital,tier2,0.0,6,2025-11-28 07:00,t,57
r/vuejs,tier2,0.0,6,2025-11-28 02:40,t,100
r/walmart,tier2,0.0,6,2025-11-28 05:32,t,1055
r/walmart_rx,tier2,0.0,6,2025-11-28 04:23,t,1220
r/walmartassociates,tier2,0.0,6,2025-11-13 10:29,t,217
r/walmartcanada,tier2,0.0,6,2025-11-28 00:09,t,1161
r/walmartemployees,tier2,0.0,6,2025-11-28 05:32,t,1051
r/walmarthealth,tier2,0.0,6,2025-11-13 08:35,t,116
r/walmartpeople,tier2,0.0,6,2025-11-13 08:34,t,726
r/walmartsellers,tier2,0.0,6,2025-11-28 06:16,t,1159
r/walmartworkers,tier2,0.0,6,2025-11-17 22:03,t,372
r/watchhorology,tier2,0.0,6,2025-11-28 11:06,t,60
r/webdesign,tier2,0.0,6,2025-11-28 01:34,t,100
r/welding,tier2,0.0,6,2025-11-28 11:06,t,206
r/wine,tier2,0.0,6,2025-11-28 11:07,t,224
r/workbenches,tier2,0.0,6,2025-11-28 11:06,t,225
r/wtf_amazon,tier2,0.0,6,2025-11-13 09:13,t,213
