BEGIN,,,,
COMMIT,,,,
subreddit,primary_category,post_count_90d,avg_comments,is_active
r/shopify,E-commerce_Ops,1902,17.3,t
r/dropshipping,E-commerce_Ops,1236,13.8,t
r/etsysellers,E-commerce_Ops,1203,16.2,t
r/etsy,E-commerce_Ops,1183,16.6,t
r/aliexpress,E-commerce_Ops,1182,11.9,t
r/amazonflexdrivers,E-commerce_Ops,1169,32.2,t
r/facebookads,E-commerce_Ops,1143,12.6,t
r/amazondspdrivers,E-commerce_Ops,1140,29.0,t
r/amazonemployees,E-commerce_Ops,1118,26.5,t
r/amazonvine,E-commerce_Ops,1104,25.2,t
r/amazonfc,E-commerce_Ops,1076,21.6,t
r/walmart,E-commerce_Ops,1055,22.5,t
r/walmartemployees,E-commerce_Ops,1051,20.4,t
r/amazonprime,E-commerce_Ops,1041,21.2,t
r/instacartshoppers,E-commerce_Ops,1036,18.5,t
r/amazonfba,E-commerce_Ops,989,11.7,t
r/ecommerce,E-commerce_Ops,962,15.7,t
r/flipping,E-commerce_Ops,864,28.1,t
r/digital_marketing,E-commerce_Ops,769,11.1,t
r/tiktokshop,E-commerce_Ops,658,8.0,t
r/printondemand,E-commerce_Ops,612,6.4,t
r/etsytrafficjamteam,E-commerce_Ops,583,3.0,t
r/fulfillmentbyamazon,E-commerce_Ops,543,10.0,t
r/dropship,E-commerce_Ops,503,11.0,t
r/shopifydev,E-commerce_Ops,472,6.1,t
r/amazonecho,E-commerce_Ops,470,10.8,t
r/aliexpressbr,E-commerce_Ops,456,11.2,t
r/shopifyecommerce,E-commerce_Ops,447,7.4,t
r/legomarket,E-commerce_Ops,431,5.6,t
r/logistics,E-commerce_Ops,419,10.2,t
r/fascamazon,E-commerce_Ops,373,9.9,t
r/spellcasterreviews,E-commerce_Ops,336,14.4,t
r/amazon_influencer,E-commerce_Ops,325,8.2,t
r/dropshippingtips,E-commerce_Ops,308,2.4,t
r/amazon,E-commerce_Ops,294,8.6,t
r/walmart_rx,E-commerce_Ops,283,10.4,t
r/edc,Tools_EDC,265,9.1,t
r/preppers,Tools_EDC,264,57.1,t
r/fixedgearbicycle,Minimal_Outdoor,255,12.3,t
r/amazonfbaonlineretail,E-commerce_Ops,255,5.7,t
r/toolporn,Tools_EDC,254,14.5,t
r/amazonfbatips,E-commerce_Ops,252,5.2,t
r/amazonseller,E-commerce_Ops,247,9.2,t
r/thrifting,Frugal_Living,247,14.0,t
r/lockpicking,Tools_EDC,244,10.6,t
r/bushcraft,Minimal_Outdoor,241,20.3,t
r/knifeclub,Tools_EDC,229,7.4,t
r/tacticalgear,Tools_EDC,229,17.1,t
r/multitools,Tools_EDC,227,12.1,t
r/workbenches,Tools_EDC,225,18.9,t
r/wine,Food_Coffee_Lifestyle,224,10.7,t
r/flashlight,Tools_EDC,221,12.8,t
r/hammockcamping,Minimal_Outdoor,220,21.2,t
r/knives,Tools_EDC,218,8.0,t
r/bbq,Food_Coffee_Lifestyle,213,12.6,t
r/cocktails,Food_Coffee_Lifestyle,213,13.2,t
r/electricians,Home_Lifestyle,213,38.4,t
r/walmartsellers,E-commerce_Ops,212,7.3,t
r/sideproject,Frugal_Living,212,3.2,t
r/marketing,E-commerce_Ops,212,29.9,t
r/pens,Tools_EDC,212,10.5,t
r/sousvide,Food_Coffee_Lifestyle,207,21.2,t
r/welding,Tools_EDC,206,27.0,t
r/dropshipping_guide,E-commerce_Ops,205,7.0,t
r/tinyhouses,Minimal_Outdoor,205,23.6,t
r/bigseo,E-commerce_Ops,204,12.2,t
r/vanlife,Minimal_Outdoor,203,14.1,t
r/plumbing,Home_Lifestyle,201,9.5,t
r/trailrunning,Minimal_Outdoor,199,13.6,t
r/beer,Food_Coffee_Lifestyle,198,23.8,t
r/raisedbynarcissists,Family_Parenting,196,9.5,t
r/vent,Family_Parenting,196,6.0,t
r/seo_marketing_offers,E-commerce_Ops,194,10.7,f
r/fermentation,Food_Coffee_Lifestyle,194,10.5,t
r/bikepacking,Minimal_Outdoor,194,15.3,t
r/amitheasshole,Family_Parenting,194,82.6,t
r/carpentry,Home_Lifestyle,191,37.9,t
r/barista,Food_Coffee_Lifestyle,190,15.5,t
r/askmen,Family_Parenting,186,99.5,t
r/ecommerceseo,E-commerce_Ops,185,1.6,t
r/daddit,Family_Parenting,183,39.3,t
r/pourover,Food_Coffee_Lifestyle,183,15.9,t
r/fuckamazon,E-commerce_Ops,182,11.9,t
r/ikeahacks,Home_Lifestyle,180,7.1,t
r/babybumps,Family_Parenting,178,14.8,t
r/homebrewing,Food_Coffee_Lifestyle,174,14.4,t
r/shopifywebsites,E-commerce_Ops,174,3.8,f
r/mountaineering,Minimal_Outdoor,173,15.4,t
r/divorce,Family_Parenting,172,11.4,t
r/walmartcanada,E-commerce_Ops,169,9.7,t
r/solar,Home_Lifestyle,169,20.1,t
r/beyondthebump,Family_Parenting,168,22.1,t
r/appliances,Home_Lifestyle,167,9.1,t
r/handyman,Home_Lifestyle,167,22.9,t
r/tiktokshopsellersclub,E-commerce_Ops,167,2.3,t
r/homebuilding,Home_Lifestyle,165,60.6,t
r/amazonargentina,E-commerce_Ops,165,22.0,t
r/toddlers,Family_Parenting,164,15.3,t
r/relationships,Family_Parenting,163,16.1,t
r/fixit,Home_Lifestyle,163,6.8,t
r/edcexchange,Tools_EDC,160,4.3,t
r/parentingteenagers,Family_Parenting,159,30.6,t
r/autism_parenting,Family_Parenting,159,13.7,t
r/amazonfresh,E-commerce_Ops,157,10.1,t
r/home,Home_Lifestyle,157,16.1,t
r/remodel,Home_Lifestyle,157,32.1,t
r/overlanding,Minimal_Outdoor,156,17.6,t
r/stepparents,Family_Parenting,156,24.4,t
r/blendedfamilies,Family_Parenting,150,28.5,t
r/education,Family_Parenting,144,26.5,t
r/ecommercemarketing,E-commerce_Ops,144,4.8,t
r/shopifyseo,E-commerce_Ops,142,4.7,t
r/homeschool,Family_Parenting,141,20.1,t
r/techseo,E-commerce_Ops,137,11.5,t
r/shopifyappdev,E-commerce_Ops,133,3.5,t
r/stickerstore,E-commerce_Ops,126,1.1,t
r/geartrade,Minimal_Outdoor,126,3.1,t
r/bestaliexpressfinds,E-commerce_Ops,126,2.9,t
r/familyissues,Family_Parenting,121,2.0,t
r/outdoorsgear,Minimal_Outdoor,120,6.5,t
r/amazonsellercentral,E-commerce_Ops,117,4.5,t
r/baking,Food_Coffee_Lifestyle,111,183.3,t
r/decorating,Home_Lifestyle,109,12.5,t
r/thrifty,Frugal_Living,103,16.7,t
r/seo,E-commerce_Ops,102,47.0,t
r/lazshop_ph,E-commerce_Ops,101,1.0,f
r/smallbusiness,Frugal_Living,100,89.7,t
r/startups,Frugal_Living,100,44.0,t
r/amazonmerch,E-commerce_Ops,86,8.9,t
r/matcha,Food_Coffee_Lifestyle,80,18.6,t
r/sellingonamazonfba,E-commerce_Ops,15,1.2,t
r/childfree,Family_Parenting,0,0,t
r/relationship_advice,Family_Parenting,0,0,t
r/hiking,Minimal_Outdoor,0,0,t
r/smoking,Food_Coffee_Lifestyle,0,0,t
r/food,Food_Coffee_Lifestyle,0,0,t
r/tea,Food_Coffee_Lifestyle,0,0,t
r/espresso,Food_Coffee_Lifestyle,0,0,t
r/frugal,Frugal_Living,0,0,t
r/leanfire,Frugal_Living,0,0,t
r/povertyfinance,Frugal_Living,0,0,t
r/budgetfood,Frugal_Living,0,0,t
r/eatcheapandhealthy,Frugal_Living,0,0,t
r/mealprepsunday,Frugal_Living,0,0,t
r/cooking,Food_Coffee_Lifestyle,0,0,t
r/askculinary,Food_Coffee_Lifestyle,0,0,t
r/running,Minimal_Outdoor,0,0,t
r/cycling,Minimal_Outdoor,0,0,t
r/financialindependence,Frugal_Living,0,0,t
r/buyitforlife,Tools_EDC,0,0,t
r/simpleliving,Frugal_Living,0,0,t
r/digitalnomad,Frugal_Living,0,0,t
r/travel,Minimal_Outdoor,0,0,t
r/solotravel,Minimal_Outdoor,0,0,t
r/gadgets,Tools_EDC,0,0,t
r/churning,Frugal_Living,0,0,t
r/diy,Home_Lifestyle,0,0,t
r/parenting,Family_Parenting,0,0,t
r/survival,Tools_EDC,0,0,t
r/outdoors,Minimal_Outdoor,0,0,t
r/askwomen,Family_Parenting,0,0,t
r/homeimprovement,Home_Lifestyle,0,0,t
r/thriftstorehauls,Frugal_Living,0,0,t
r/entrepreneur,Frugal_Living,0,0,t
r/watches,Tools_EDC,0,0,t
r/3dprinting,Tools_EDC,0,0,t
r/campingandhiking,Minimal_Outdoor,0,0,t
r/mommit,Family_Parenting,0,0,t
r/coffee,Food_Coffee_Lifestyle,0,0,t
r/trueoffmychest,Family_Parenting,0,0,t
r/teachers,Family_Parenting,0,0,t
r/cleaningtips,Home_Lifestyle,0,0,t
r/mechanicadvice,Tools_EDC,0,0,t
r/ukpersonalfinance,Frugal_Living,0,0,t
r/mechanicalkeyboards,Tools_EDC,0,0,t
r/homedecorating,Home_Lifestyle,0,0,t
r/hydrohomies,Food_Coffee_Lifestyle,0,0,t
r/zerowaste,Frugal_Living,0,0,t
r/breadit,Food_Coffee_Lifestyle,0,0,t
r/interiordesign,Home_Lifestyle,0,0,t
r/autodetailing,Tools_EDC,0,0,t
r/tools,Tools_EDC,0,0,t
r/cheap_meals,Frugal_Living,0,0,t
r/ultralight,Minimal_Outdoor,0,0,t
r/marriage,Family_Parenting,0,0,t
r/homeowners,Home_Lifestyle,0,0,t
r/woodworking,Home_Lifestyle,0,0,t
r/landscaping,Home_Lifestyle,0,0,t
r/gardening,Home_Lifestyle,0,0,t
r/houseplants,Home_Lifestyle,0,0,t
r/homeautomation,Home_Lifestyle,0,0,t
r/smarthome,Home_Lifestyle,0,0,t
r/metalworking,Tools_EDC,0,0,t
r/personalfinance,Frugal_Living,0,0,t
r/frugalmalefashion,Frugal_Living,0,0,t
r/minimalism,Frugal_Living,0,0,t
r/bicycling,Minimal_Outdoor,0,0,t
r/climbing,Minimal_Outdoor,0,0,t
r/backpacking,Minimal_Outdoor,0,0,t
r/onebag,Minimal_Outdoor,0,0,t