canonical,category
shopify,brands
amazon,brands
ban,pain_points
chargeback,pain_points
fraud,pain_points
doing wrong,pain_points
banned,pain_points
saturated,pain_points
failed,pain_points
abandoned,pain_points
lately,pain_points
account suspension,pain_points
policy violation,pain_points
refund dispute,pain_points
late shipment,pain_points
customer complaint,pain_points
ecom,brands
tiktok,brands
woocommerce,brands
software,brands
aliexpress,brands
refund,pain_points
discord,brands
ugc,brands
digital,brands
wrong,pain_points
missing,pain_points
error,pain_points
walmart,brands
bank,pain_points
theme,features
fba,features
wordpress,brands
drive,brands
videos,brands
stripe,brands
listing,features
cpm,brands
wix,brands
usd,brands
canva,brands
later,pain_points
instagram,brands
chatgpt,brands
google ads,brands
template,pain_points
smart,brands
standard,brands
risk,pain_points
supplier,features
affiliate,brands
stuck,pain_points
shopify store,features
newbie,brands
related,pain_points
ctr,brands
etsy,brands
apple,brands
whatsapp,brands
checkout,features
amp x200b,features
amp store,features
store critiques,features
drop shipping,features
facebook ads,features
youtube com,features
www youtube com,features
www youtube,features
youtube com watch,features
com watch,features
new dropshipping,features
thanks advance,features
love hear,features
social media,features
3pl,features
meta ads,features
amp auto,features
need help,features
dropshipping,features
issue,pain_points
feel like,pain_points
customs,pain_points
problem,pain_points
preview,pain_points
preview redd,pain_points
fees,pain_points
return,pain_points
issues,pain_points
feel free,pain_points
fee,pain_points
problems,pain_points
feedback,pain_points
reviews,pain_points
feels,pain_points
charge,pain_points
feel,pain_points
feed,pain_points
price,features
related amazon,pain_points
high risk,pain_points
