category,term
brands,Amazon
brands,Etsy
brands,Shopify
brands,Walmart
brands,TikTok Shop
brands,Temu
brands,Shopee
features,FBA
features,FBM
features,sponsored ads
features,product research
features,marketplace analytics
features,review mining
channels,Amazon
channels,Etsy
channels,Shopify
channels,Walmart
channels,TikTok Shop
channels,Temu
channels,Shopee
channels,Lazada
logistics,3PL
logistics,DHL
logistics,FedEx
logistics,UPS
logistics,freight forwarder
logistics,bonded warehouse
risks,compliance
risks,infringement
risks,customs hold
risks,logistics delay
risks,counterfeit
risks,saturated
