name,subscribers,posts_sampled,A,C,relevance_what_to_sell,relevance_how_to_sell,relevance_where_to_sell,relevance_how_to_source,spam_ratio_what_to_sell,spam_ratio_how_to_sell,spam_ratio_where_to_sell,spam_ratio_how_to_source,weighted_score_what_to_sell,weighted_score_how_to_sell,weighted_score_where_to_sell,weighted_score_how_to_source
ShopeePH,185744,20,20.0,7.0,0.0,0.05,0.45,0.25,0.0,0.0,0.0,0.0,56.33,57.33,67.33,57.33
AmazonFBA,43334,20,18.0,7.0,0.05,0.3,0.7,0.2,0.05,0.05,0.05,0.05,54.67,55.33,74.0,55.33
EtsySellers,211167,20,22.0,10.0,0.1,0.3,0.8,0.2,0.15,0.15,0.15,0.15,60.33,62.0,87.67,62.0
dropshipping,207147,20,20.0,10.0,0.15,0.15,0.25,0.55,0.2,0.2,0.2,0.2,51.33,53.33,55.33,63.33
Etsy,283107,20,22.0,10.0,0.0,0.45,0.7,0.25,0.1,0.1,0.1,0.1,60.33,72.0,81.67,62.0
shopify,317961,20,20.0,7.0,0.1,0.2,0.5,0.1,0.05,0.05,0.05,0.05,56.33,57.33,67.33,57.33
ecommerce,580074,20,20.0,10.0,0.0,0.4,0.1,0.2,0.1,0.1,0.1,0.1,58.67,70.0,61.33,60.0
Tech_Philippines,198073,20,20.0,10.0,0.0,0.0,0.05,0.0,0.0,0.0,0.0,0.0,62.33,63.33,64.33,63.33
TikTokshop,21612,20,16.0,10.0,0.05,0.2,0.6,0.2,0.05,0.05,0.05,0.05,59.0,59.33,77.67,59.33
SBCGaming,184176,20,24.0,10.0,0.0,0.0,0.05,0.1,0.05,0.05,0.05,0.05,65.67,67.33,69.0,67.33
