name,posts_sampled,semantic_score_crossborder,coverage_crossborder,density_crossborder,purity_crossborder
r/Aliexpress,20,3.49,0.2105,0.4413,1.0
r/AmazonFBA,20,6.63,0.3158,1.0,1.0
r/AliExpressBR,20,0.76,0.0526,0.1487,1.0
r/AmazonFBATips,20,6.63,0.3158,1.0,1.0
r/AmazonFBAOnlineRetail,20,5.53,0.2632,1.0,1.0
r/AmazonFlexDrivers,20,0.93,0.0526,0.4007,1.0
r/AmazonSeller,20,6.63,0.3158,1.0,1.0
r/AmazonMerch,20,4.34,0.2105,0.6677,1.0
r/AmazonAnswers,9,1.11,0.0526,1.0,1.0
r/AmazonWFShoppers,20,2.11,0.1053,0.5993,1.0
r/Amazon_Influencer,20,3.32,0.1579,1.0,1.0
r/BestAliExpressFinds,20,0.69,0.0526,0.0571,1.0
r/AntiAmazon,20,2.21,0.1053,1.0,1.0
r/Etsy,20,1.41,0.1053,0.0834,1.0
r/EtsySellers,20,1.66,0.1053,0.3789,1.0
r/DropshippingTips,20,1.39,0.1053,0.0531,1.0
r/FASCAmazon,20,0.91,0.0526,0.3701,1.0
r/AmazonWTF,20,3.32,0.1579,1.0,1.0
r/FacebookAds,20,0.0,0.0,0.0,1.0
r/FulfillmentByAmazon,20,6.63,0.3158,1.0,1.0
r/MerchByAmazon,20,4.42,0.2105,0.7688,1.0
r/Dropshipping_Guide,20,3.86,0.2632,0.2079,1.0
r/Legomarket,20,0.0,0.0,0.0,1.0
r/ShopifyAppDev,20,1.46,0.1053,0.1368,1.0
r/ShopifyeCommerce,20,2.97,0.2105,0.1495,1.0
r/SpellcasterReviews,20,0.0,0.0,0.0,1.0
r/WalmartCanada,20,0.68,0.0526,0.0337,1.0
r/TikTokshop,20,3.98,0.2105,0.5161,1.0
r/WalmartSellers,20,2.35,0.1579,0.2053,1.0
r/amazon,20,4.42,0.2105,1.0,1.0
r/News_Walmart,0,0.0,0.0,0.0,1.0
r/amazonecho,20,0.79,0.0526,0.1886,1.0
r/amazonfresh,20,1.08,0.0526,0.6333,1.0
r/TechSEO,20,3.02,0.1579,0.773,1.0
r/amazonprime,20,5.53,0.2632,1.0,1.0
r/amazonemployees,20,1.11,0.0526,0.9789,1.0
r/digital_marketing,20,2.39,0.1579,0.302,1.0
r/dropship,20,2.92,0.2105,0.1218,1.0
r/dropshipping,20,0.7,0.0526,0.0491,1.0
r/ecommercemarketing,20,5.28,0.3684,0.1861,1.0
r/logistics,20,2.23,0.1579,0.1325,1.0
r/peopleofwalmart,20,0.0,0.0,0.0,1.0
r/printondemand,20,1.39,0.1053,0.0513,1.0
r/bigseo,20,1.84,0.1053,0.5747,1.0
r/shopifyDev,20,1.45,0.1053,0.1099,1.0
r/fuckamazon,20,4.42,0.2105,1.0,1.0
r/AmazonDSPDrivers,20,0.91,0.0526,0.3715,1.0
r/walmart_RX,20,0.7,0.0526,0.0931,1.0
r/stickerstore,20,0.73,0.0526,0.1621,1.0
r/AmazonVine,20,2.93,0.1579,0.5271,1.0
r/InstacartShoppers,20,0.0,0.0,0.0,1.0
r/Flipping,20,3.71,0.2632,0.1648,1.0
r/ecommerce,20,1.48,0.1053,0.1323,1.0
r/amazonreviews,20,0.8,0.0526,0.2,1.0
r/walmart,20,0.0,0.0,0.0,1.0
r/AmazonFC,20,1.93,0.1053,0.4638,1.0
r/shopify,20,2.89,0.2105,0.12,1.0
r/WalmartEmployees,20,0.68,0.0526,0.039,1.0
r/AchadinhosDaShopeeBR,20,0.0,0.0,0.0,1.0
r/AmazonFBAforNewbies,20,3.32,0.1579,1.0,1.0
r/AngelnmitAliexpress,20,0.0,0.0,0.0,1.0
r/walmartworkers,7,0.71,0.0526,0.1,1.0
r/BestBuyAliexpress,20,0.71,0.0526,0.1006,1.0
r/EtsyUK,20,5.11,0.3158,0.3594,1.0
r/LazShop_PH,20,0.0,0.0,0.0,1.0
r/FBAsourcing,20,5.13,0.2632,0.6317,1.0
r/AmazonWarehouse,20,2.21,0.1053,0.8366,1.0
r/PrivateLabelSellers,20,7.74,0.3684,0.8517,1.0
r/SEO_Marketing_Offers,20,0.94,0.0526,0.634,1.0
r/SEO,20,1.03,0.0526,0.8243,1.0
r/EtsyHelp,20,1.44,0.1053,0.1283,1.0
r/ShopifyWebsites,20,3.12,0.2105,0.2222,1.0
r/ShopifyDevelopment,20,0.68,0.0526,0.0264,1.0
r/TikTokShopSellers,20,3.32,0.1579,1.0,1.0
r/SuppliersInUSA,20,1.75,0.1053,0.3324,1.0
r/aliexpressreviews,20,6.22,0.3158,0.7445,1.0
r/marketing,20,0.69,0.0526,0.053,1.0
r/etsycirclejerk,19,3.15,0.2105,0.2579,1.0
r/Shopify_Users,20,2.11,0.1579,0.0787,1.0
r/lazadareviews,20,0.92,0.0526,0.5878,1.0
r/tiktok_shop_sellers,20,2.21,0.1053,1.0,1.0
r/WalmartAssociates,20,0.0,0.0,0.0,1.0
