community,is_blacklisted,blacklist_reason,is_active,backfill_floor,last_crawled_at
r/3dprinting,False,,True,,2025-12-19 18:11:57.970317+00:00
r/airfryer,False,,True,2025-12-18 19:16:27+00:00,2025-12-24 10:52:42.286777+00:00
r/aliexpress,False,,True,,2025-12-24 15:10:06.470302+00:00
r/amazonargentina,False,,True,,2025-12-24 11:00:22.746572+00:00
r/amazonfba,False,,True,,2025-12-24 14:08:26.551205+00:00
r/amazonfbaonlineretail,False,,True,,2025-12-23 10:08:50.051861+00:00
r/amazonfbatips,False,,True,,2025-12-23 09:40:09.155404+00:00
r/amazonmerch,False,,True,,2025-12-23 10:07:43.461802+00:00
r/amazonseller,False,,True,,2025-12-22 19:06:53.711892+00:00
r/amazonsellercentral,False,,True,,2025-12-24 14:42:40.571531+00:00
r/appliances,False,,True,,2025-12-19 18:11:32.181438+00:00
r/aquariums,False,,True,2025-12-18 17:36:40+00:00,2025-12-24 09:32:52.080105+00:00
r/artificial,False,,True,,
r/askculinary,False,,True,,2025-12-24 07:48:06.229920+00:00
r/askelectronics,False,,True,2025-12-18 18:44:15+00:00,2025-12-24 09:33:08.081878+00:00
r/autism_parenting,False,,True,,2025-12-23 22:47:34.021379+00:00
r/autodetailing,False,,True,,2025-12-24 16:00:47.581938+00:00
r/automation,False,,True,2025-12-18 17:43:59+00:00,2025-12-24 10:52:45.296090+00:00
r/babybumps,False,,True,,2025-12-24 00:44:25.767940+00:00
r/backpacking,False,,True,,2025-12-21 12:05:59.084500+00:00
r/barista,False,,True,,2025-12-24 12:01:49.167242+00:00
r/battlestations,False,,True,2025-12-18 17:50:10+00:00,2025-12-24 09:33:13.277319+00:00
r/bbq,False,,True,,2025-12-24 08:52:26.211351+00:00
r/beer,False,,True,,2025-12-24 08:51:17.217319+00:00
r/beyondthebump,False,,True,,2025-12-23 20:44:12.417980+00:00
r/bicycling,False,,True,,2025-12-21 00:00:35.892797+00:00
r/bigseo,False,,True,,2025-12-23 09:40:09.124022+00:00
r/bikepacking,False,,True,,2025-12-21 12:04:01.790390+00:00
r/bitcoin,False,,True,,
r/blendedfamilies,False,,True,,2025-12-24 07:22:39.934866+00:00
r/breadit,False,,True,,2025-12-24 09:22:56.936334+00:00
r/budgetfood,False,,True,,2025-12-24 16:00:50.183094+00:00
r/bushcraft,False,,True,,2025-12-21 08:33:04.840981+00:00
r/buyitforlife,False,,True,,2025-12-24 13:13:35.672774+00:00
r/campingandhiking,False,,True,,2025-12-21 00:00:53.999875+00:00
r/carpentry,False,,True,,2025-12-24 13:13:40.462116+00:00
r/cats,False,,True,2025-12-18 17:07:48+00:00,2025-12-24 15:00:15.468299+00:00
r/chatgpt,False,,True,2025-12-18 17:23:55+00:00,2025-12-24 09:32:53.640533+00:00
r/cheap_meals,False,,True,,2025-12-24 12:34:56.203765+00:00
r/cleaningtips,False,,True,,2025-12-19 20:00:14.617659+00:00
r/cocktails,False,,True,,2025-12-24 11:35:20.361697+00:00
r/coffee,False,,True,,2025-12-24 11:53:54.654653+00:00
r/cooking,False,,True,,2025-12-24 11:43:50.258132+00:00
r/cryptocurrency,False,,True,,
r/cryptomarkets,False,,True,,
r/cycling,False,,True,,2025-12-19 20:00:57.739293+00:00
r/daddit,False,,True,,2025-12-24 05:52:40.619394+00:00
r/decorating,False,,True,,2025-12-24 11:00:24.163621+00:00
r/digital_marketing,False,,True,,2025-12-24 15:04:02.107506+00:00
r/digitalmarketinghack,False,,True,,
r/digitalnomad,False,,True,,2025-12-24 12:01:23.673107+00:00
r/divorce,False,,True,,2025-12-23 18:56:25.226967+00:00
r/diy,False,,True,,2025-12-21 12:04:16.152902+00:00
r/dogs,False,,True,2025-12-18 18:15:29+00:00,2025-12-24 09:33:11.681090+00:00
r/dropship,False,,True,,2025-12-21 08:17:08.825760+00:00
r/dropshipping,False,,True,,2025-12-23 07:37:38.392342+00:00
r/eatcheapandhealthy,False,,True,,2025-12-24 10:52:46.741847+00:00
r/ecommerce,False,,True,,2025-12-22 11:44:56.791330+00:00
r/ecommercemarketing,False,,True,,2025-12-23 13:08:31.677396+00:00
r/education,False,,True,,2025-12-24 10:52:35.890836+00:00
r/electricians,False,,True,,2025-12-21 08:17:07.267661+00:00
r/entrepreneur,False,,True,,2025-12-22 14:13:07.947336+00:00
r/espresso,False,,True,,2025-12-24 09:36:58.929497+00:00
r/ethereum,False,,True,,
r/etsy,False,,True,,2025-12-22 07:02:43.949678+00:00
r/etsysellers,False,,True,,2025-12-24 15:02:58.882825+00:00
r/facebookads,False,,True,,2025-12-22 15:45:12.779463+00:00
r/familyissues,False,,True,,2025-12-24 00:44:22.279128+00:00
r/fermentation,False,,True,,2025-12-24 12:34:01.509551+00:00
r/fixedgearbicycle,False,,True,,2025-12-24 13:13:38.622247+00:00
r/fixit,False,,True,,2025-12-21 08:16:41.854656+00:00
r/flashlight,False,,True,,2025-12-19 18:11:48.362397+00:00
r/flipping,False,,True,,2025-12-23 05:33:41.394032+00:00
r/freelance,False,,True,,2025-12-22 23:44:27.858242+00:00
r/frugal,False,,True,,2025-12-24 13:13:34.104749+00:00
r/frugalmalefashion,False,,True,,2025-12-24 13:13:37.090616+00:00
r/fulfillmentbyamazon,False,,True,,2025-12-22 15:49:33.142504+00:00
r/gardening,False,,True,,2025-12-19 20:00:31.979276+00:00
r/geartrade,False,,True,,2025-12-21 08:49:04.024310+00:00
r/hammockcamping,False,,True,,2025-12-24 12:01:13.038070+00:00
r/handyman,False,,True,,2025-12-21 08:49:11.646002+00:00
r/hiking,False,,True,,2025-12-24 16:01:31.789805+00:00
r/home,False,,True,,2025-12-24 12:01:26.657581+00:00
r/homeautomation,False,,True,,2025-12-21 12:05:39.947249+00:00
r/homebrewing,False,,True,,2025-12-21 08:17:13.179009+00:00
r/homebuilding,False,,True,,2025-12-24 12:01:29.822924+00:00
r/homedecorating,False,,True,,2025-12-21 08:16:29.275350+00:00
r/homeimprovement,False,,True,,2025-12-19 17:02:24.466353+00:00
r/homeowners,False,,True,,2025-12-21 12:04:05.304471+00:00
r/homeschool,False,,True,,2025-12-24 03:40:33.556372+00:00
r/houseplants,False,,True,,2025-12-20 00:01:16.678974+00:00
r/hvac,False,,True,2025-12-18 20:16:19+00:00,2025-12-24 10:52:32.440785+00:00
r/ikeahacks,False,,True,,2025-12-24 12:01:25.147849+00:00
r/interiordesign,False,,True,,2025-12-24 16:01:25.490529+00:00
r/investing,False,,True,,
r/justrolledintotheshop,False,,True,2025-12-18 18:21:59+00:00,2025-12-24 10:52:39.406689+00:00
r/knives,False,,True,,2025-12-21 12:05:56.558683+00:00
r/landscaping,False,,True,,2025-12-24 16:01:15.649640+00:00
r/lawncare,False,,True,2025-12-18 17:37:04+00:00,2025-12-24 10:52:37.532821+00:00
r/leanfire,False,,True,,2025-12-21 00:00:43.034036+00:00
r/localllama,False,,True,2025-12-18 17:15:04+00:00,2025-12-24 09:32:59.214037+00:00
r/lockpicking,False,,True,,2025-12-21 08:49:06.895390+00:00
r/logistics,False,,True,,2025-12-23 03:41:13.961022+00:00
r/malelivingspace,False,,True,2025-12-18 17:09:28+00:00,2025-12-24 15:45:53.894132+00:00
r/marketing,False,,True,,2025-12-22 19:06:55.099954+00:00
r/marriage,False,,True,,2025-12-19 20:01:18.393379+00:00
r/matcha,False,,True,,2025-12-24 11:54:59.316204+00:00
r/mealprepsunday,False,,True,,2025-12-21 00:00:43.685098+00:00
r/mechanicalkeyboards,False,,True,,2025-12-21 00:00:40.283135+00:00
r/metalworking,False,,True,,2025-12-24 12:01:17.850542+00:00
r/minimalism,False,,True,,2025-12-21 08:16:59.847895+00:00
r/mountaineering,False,,True,,2025-12-24 12:01:28.332998+00:00
r/multitools,False,,True,,2025-12-21 08:49:05.459312+00:00
r/onebag,False,,True,,2025-12-21 00:00:41.967341+00:00
r/outdoorsgear,False,,True,,2025-12-24 12:01:19.386803+00:00
r/overlanding,False,,True,,2025-12-21 12:04:13.325266+00:00
r/parenting,False,,True,,2025-12-23 20:44:12.125015+00:00
r/parentingteenagers,False,,True,,2025-12-24 03:22:12.458971+00:00
r/pens,False,,True,,2025-12-21 08:17:05.961080+00:00
r/pets,False,,True,2025-12-18 18:35:57+00:00,2025-12-24 09:33:03.711413+00:00
r/plumbing,False,,True,,2025-12-20 00:01:35.706527+00:00
r/pourover,False,,True,,2025-12-24 08:42:55.065667+00:00
r/ppc,False,,True,,
r/ppcjobs,False,,True,,2025-12-24 16:07:47.996144+00:00
r/preppers,False,,True,,2025-12-21 04:01:31.501860+00:00
r/printondemand,False,,True,,2025-12-22 21:45:32.461612+00:00
r/promptengineering,False,,True,2025-12-18 17:09:58+00:00,2025-12-24 10:52:34.423353+00:00
r/puppy101,False,,True,2025-12-18 18:12:11+00:00,2025-12-24 09:33:05.815743+00:00
r/relationship_advice,False,,True,,2025-12-24 15:34:14.691160+00:00
r/relationships,False,,True,,2025-12-23 17:33:42.272229+00:00
r/remodel,False,,True,,2025-12-24 12:01:14.755552+00:00
r/running,False,,True,,2025-12-21 08:32:59.124158+00:00
r/saas,False,,True,2025-12-18 17:40:02+00:00,2025-12-24 09:32:56.579252+00:00
r/seo,False,,True,,2025-12-22 11:54:54.735076+00:00
r/shopify,False,,True,,2025-12-22 07:02:29.348377+00:00
r/shopify_growth,False,,True,,
r/shopify_hustlers,False,,True,,
r/shopifyappdev,False,,True,,2025-12-23 13:16:29.710123+00:00
r/shopifybusiness,False,,True,,
r/shopifydev,False,,True,,2025-12-21 12:05:08.804297+00:00
r/shopifydropshiphub,False,,True,,
r/shopifyecommerce,False,,True,,2025-12-24 14:42:43.698109+00:00
r/shopifyseo,False,,True,,2025-12-23 15:03:52.049264+00:00
r/simpleliving,False,,True,,2025-12-24 12:01:22.180581+00:00
r/smallbusiness,False,,True,,2025-12-22 08:54:07.547815+00:00
r/smarthome,False,,True,,2025-12-21 00:00:37.090127+00:00
r/smoking,False,,True,,2025-12-24 12:35:28.103084+00:00
r/socialmediamarketing,False,,True,,
r/solar,False,,True,,2025-12-21 08:33:20.683386+00:00
r/solotravel,False,,True,,2025-12-24 16:01:33.271408+00:00
r/sousvide,False,,True,,2025-12-24 09:53:46.519156+00:00
r/stablediffusion,False,,True,2025-12-18 17:09:02+00:00,2025-12-24 09:33:01.603319+00:00
r/startups,False,,True,,2025-12-22 13:55:01.263151+00:00
r/stockmarket,False,,True,,
r/stocks,False,,True,,
r/survival,False,,True,,2025-12-24 16:01:18.229687+00:00
r/tacticalgear,False,,True,,2025-12-24 16:01:35.370854+00:00
r/tea,False,,True,,2025-12-24 12:47:41.733824+00:00
r/techseo,False,,True,,2025-12-22 21:48:10.600492+00:00
r/thrifting,False,,True,,2025-12-21 12:05:01.418031+00:00
r/thrifty,False,,True,,2025-12-24 11:00:21.158854+00:00
r/tiktokshop,False,,True,,2025-12-22 08:53:06.722768+00:00
r/tinyhouses,False,,True,,2025-12-21 12:04:58.245360+00:00
r/toddlers,False,,True,,2025-12-23 22:44:09.349806+00:00
r/toolporn,False,,True,,2025-12-24 10:52:43.845056+00:00
r/tools,False,,True,,2025-12-19 20:00:19.392167+00:00
r/trailrunning,False,,True,,2025-12-24 16:00:12.105415+00:00
r/travel,False,,True,,2025-12-24 16:00:24.324546+00:00
r/ukpersonalfinance,False,,True,,2025-12-19 17:02:01.466743+00:00
r/ultralight,False,,True,,2025-12-21 08:16:30.898103+00:00
r/vanlife,False,,True,,2025-12-21 08:49:09.393996+00:00
r/wallstreetbets,False,,True,,
r/walmartcanada,False,,True,,2025-12-21 12:05:10.491594+00:00
r/walmartsellers,False,,True,,2025-12-23 05:31:30.946993+00:00
r/watches,False,,True,,2025-12-20 00:01:24.868611+00:00
r/welding,False,,True,,2025-12-24 16:00:18.391498+00:00
r/wine,False,,True,,2025-12-24 11:45:31.167845+00:00
r/woodworking,False,,True,,2025-12-19 20:01:23.585081+00:00
r/workbenches,False,,True,,2025-12-24 10:52:40.849237+00:00
r/zerowaste,False,,True,,2025-12-21 00:00:37.606395+00:00
