prefix,status,count,pages,split
a,ok,249,3,0
b,ok,235,3,0
c,ok,171,3,0
d,ok,216,3,0
e,ok,166,3,0
f,ok,70,1,0
g,ok,198,3,0
h,ok,64,1,0
i,ok,31,3,0
j,ok,34,1,0
k,ok,90,2,0
l,ok,71,1,0
m,ok,94,3,0
n,ok,54,1,0
o,ok,87,2,0
p,ok,167,3,0
q,ok,48,1,0
r,ok,135,3,0
s,ok,60,3,0
t,ok,37,3,0
u,ok,103,3,0
v,ok,71,1,0
w,ok,112,2,0
x,ok,122,3,0
y,ok,123,3,0
z,ok,42,1,0
0,ok,149,3,0
1,ok,74,3,0
2,ok,38,3,0
3,ok,36,3,0
4,ok,85,3,0
5,ok,66,3,0
6,ok,90,3,0
7,ok,79,3,0
8,ok,75,3,0
9,ok,69,3,0
